Date,High,Low,Open,Close,Volume,Adj Close
2015-12-31,14.15999984741211,14.039999961853027,14.140000343322754,14.09000015258789,19881000.0,10.91199016571045
2016-01-04,14.0,13.75,13.869999885559082,13.970000267028809,38618500.0,10.819058418273926
2016-01-05,14.0,13.510000228881836,13.970000267028809,13.720000267028809,50267500.0,10.625446319580078
2016-01-06,13.5600004196167,13.050000190734863,13.5600004196167,13.109999656677246,61285500.0,10.153032302856445
2016-01-07,13.039999961853027,12.600000381469727,12.899999618530273,12.699999809265137,57846700.0,9.835508346557617
2016-01-08,13.100000381469727,12.5,13.050000190734863,12.539999961853027,46199400.0,9.711594581604004
2016-01-11,12.819999694824219,12.550000190734863,12.800000190734863,12.770000457763672,41269100.0,9.889718055725098
2016-01-12,13.039999961853027,12.579999923706055,13.029999732971191,12.850000381469727,50983700.0,9.951674461364746
2016-01-13,12.84000015258789,12.0600004196167,12.729999542236328,12.199999809265137,102174700.0,9.448283195495605
2016-01-14,12.3100004196167,11.819999694824219,12.1899995803833,12.1899995803833,62938600.0,9.44053840637207
2016-01-15,12.0,11.579999923706055,11.8100004196167,11.970000267028809,69030000.0,9.270157814025879
2016-01-19,12.15999984741211,11.819999694824219,12.149999618530273,11.949999809265137,41142600.0,9.254670143127441
2016-01-20,12.069999694824219,11.470000267028809,11.789999961853027,11.899999618530273,59879000.0,9.215947151184082
2016-01-21,12.279999732971191,11.859999656677246,12.010000228881836,12.010000228881836,48841800.0,9.301137924194336
2016-01-22,12.359999656677246,12.029999732971191,12.260000228881836,12.140000343322754,44537800.0,9.401815414428711
2016-01-25,12.3100004196167,11.930000305175781,12.300000190734863,11.979999542236328,96738600.0,9.27790355682373
2016-01-26,12.300000190734863,12.039999961853027,12.140000343322754,12.260000228881836,45969800.0,9.49474811553955
2016-01-27,12.100000381469727,11.729999542236328,12.050000190734863,11.850000381469727,42064200.0,9.486743927001953
2016-01-28,12.0600004196167,11.199999809265137,12.029999732971191,11.710000038146973,75699800.0,9.374663352966309
2016-01-29,11.9399995803833,11.649999618530273,11.829999923706055,11.9399995803833,52137400.0,9.558794021606445
2016-02-01,12.140000343322754,11.729999542236328,11.920000076293945,12.069999694824219,37301200.0,9.66286849975586
2016-02-02,12.079999923706055,11.449999809265137,11.949999809265137,11.510000228881836,55649200.0,9.21455192565918
2016-02-03,11.680000305175781,11.020000457763672,11.670000076293945,11.460000038146973,69454600.0,9.17452335357666
2016-02-04,11.6899995803833,11.260000228881836,11.369999885559082,11.529999732971191,40223100.0,9.230562210083008
2016-02-05,11.699999809265137,11.420000076293945,11.520000457763672,11.449999809265137,33322200.0,9.16651725769043
2016-02-08,11.6899995803833,11.25,11.390000343322754,11.59000015258789,45274500.0,9.278594970703125
2016-02-09,11.609999656677246,11.220000267028809,11.470000267028809,11.350000381469727,48956800.0,9.08646011352539
2016-02-10,11.569999694824219,11.329999923706055,11.460000038146973,11.34000015258789,38160300.0,9.078455924987793
2016-02-11,11.430000305175781,11.100000381469727,11.170000076293945,11.170000076293945,45801300.0,8.942358016967773
2016-02-12,11.579999923706055,11.180000305175781,11.25,11.550000190734863,28085000.0,9.24657154083252
2016-02-16,11.880000114440918,11.529999732971191,11.75,11.869999885559082,41072100.0,9.502754211425781
2016-02-17,12.300000190734863,11.979999542236328,11.989999771118164,12.270000457763672,37766400.0,9.822981834411621
2016-02-18,12.4399995803833,12.119999885559082,12.399999618530273,12.260000228881836,28784700.0,9.814976692199707
2016-02-19,12.220000267028809,12.010000228881836,12.1899995803833,12.100000381469727,26479300.0,9.68688678741455
2016-02-22,12.5600004196167,12.100000381469727,12.100000381469727,12.5600004196167,33549700.0,10.055148124694824
2016-02-23,12.649999618530273,12.420000076293945,12.529999732971191,12.420000076293945,30136700.0,9.943066596984863
2016-02-24,12.109999656677246,11.600000381469727,12.109999656677246,12.079999923706055,60608400.0,9.67087459564209
2016-02-25,12.399999618530273,12.050000190734863,12.109999656677246,12.390000343322754,32024800.0,9.919051170349121
2016-02-26,12.59000015258789,12.399999618530273,12.520000457763672,12.470000267028809,30228800.0,9.983097076416016
2016-02-29,12.649999618530273,12.390000343322754,12.420000076293945,12.510000228881836,32999100.0,10.015118598937988
2016-03-01,13.119999885559082,12.720000267028809,13.010000228881836,13.09000015258789,71523900.0,10.479450225830078
2016-03-02,13.350000381469727,13.039999961853027,13.0600004196167,13.220000267028809,36598200.0,10.583523750305176
2016-03-03,13.609999656677246,13.239999771118164,13.25,13.539999961853027,44524500.0,10.839706420898438
2016-03-04,13.859999656677246,13.430000305175781,13.5600004196167,13.59000015258789,31818600.0,10.879735946655273
2016-03-07,13.739999771118164,13.449999809265137,13.460000038146973,13.619999885559082,26131400.0,10.903751373291016
2016-03-08,13.579999923706055,13.149999618530273,13.510000228881836,13.229999542236328,34770600.0,10.59152889251709
2016-03-09,13.319999694824219,13.010000228881836,13.25,13.1899995803833,34146200.0,10.559505462646484
2016-03-10,13.279999732971191,12.920000076293945,13.25,13.149999618530273,39076500.0,10.527483940124512
2016-03-11,13.300000190734863,13.199999809265137,13.260000228881836,13.289999961853027,27583000.0,10.63956356048584
2016-03-14,13.369999885559082,13.180000305175781,13.279999732971191,13.270000457763672,20609600.0,10.623551368713379
2016-03-15,13.239999771118164,13.050000190734863,13.119999885559082,13.229999542236328,27729900.0,10.59152889251709
2016-03-16,13.510000228881836,13.180000305175781,13.210000038146973,13.5,47035000.0,10.807682991027832
2016-03-17,13.680000305175781,13.390000343322754,13.470000267028809,13.470000267028809,31521700.0,10.783665657043457
2016-03-18,13.699999809265137,13.489999771118164,13.539999961853027,13.640000343322754,32182400.0,10.919763565063477
2016-03-21,13.760000228881836,13.5600004196167,13.640000343322754,13.65999984741211,20905200.0,10.935772895812988
2016-03-22,13.729999542236328,13.510000228881836,13.649999618530273,13.59000015258789,26148000.0,10.879735946655273
2016-03-23,13.609999656677246,13.1899995803833,13.569999694824219,13.260000228881836,31535500.0,10.615548133850098
2016-03-24,13.119999885559082,12.779999732971191,13.109999656677246,13.0600004196167,36203200.0,10.45543384552002
2016-03-28,13.170000076293945,13.069999694824219,13.130000114440918,13.09000015258789,18684200.0,10.479450225830078
2016-03-29,13.199999809265137,12.970000267028809,13.050000190734863,13.199999809265137,26077400.0,10.567512512207031
2016-03-30,13.4399995803833,13.25,13.279999732971191,13.350000381469727,25322500.0,10.687597274780273
2016-03-31,13.520000457763672,13.34000015258789,13.34000015258789,13.5,32943400.0,10.807682991027832
2016-04-01,13.329999923706055,13.050000190734863,13.279999732971191,13.100000381469727,57914000.0,10.487455368041992
2016-04-04,13.119999885559082,12.760000228881836,13.109999656677246,12.800000190734863,42406300.0,10.247283935546875
2016-04-05,12.850000381469727,12.520000457763672,12.729999542236328,12.770000457763672,32425000.0,10.223268508911133
2016-04-06,12.869999885559082,12.649999618530273,12.75,12.819999694824219,22597400.0,10.26329517364502
2016-04-07,12.789999961853027,12.390000343322754,12.770000457763672,12.520000457763672,37688100.0,10.023124694824219
2016-04-08,12.779999732971191,12.510000228881836,12.619999885559082,12.550000190734863,20015300.0,10.047141075134277
2016-04-11,12.800000190734863,12.579999923706055,12.609999656677246,12.65999984741211,27744800.0,10.135205268859863
2016-04-12,12.84000015258789,12.65999984741211,12.720000267028809,12.8100004196167,23417000.0,10.255291938781738
2016-04-13,13.119999885559082,12.850000381469727,12.869999885559082,13.0600004196167,29331100.0,10.45543384552002
2016-04-14,13.180000305175781,13.020000457763672,13.09000015258789,13.09000015258789,22453700.0,10.479450225830078
2016-04-15,13.119999885559082,12.850000381469727,13.100000381469727,12.9399995803833,22986100.0,10.35936450958252
2016-04-18,13.279999732971191,12.949999809265137,12.979999542236328,13.25,30137700.0,10.60754108428955
2016-04-19,13.5,13.279999732971191,13.350000381469727,13.4399995803833,28808300.0,10.759647369384766
2016-04-20,13.720000267028809,13.399999618530273,13.420000076293945,13.640000343322754,32199000.0,10.919763565063477
2016-04-21,13.880000114440918,13.5600004196167,13.8100004196167,13.649999618530273,38126300.0,10.927767753601074
2016-04-22,13.779999732971191,13.510000228881836,13.630000114440918,13.609999656677246,28846300.0,10.895743370056152
2016-04-25,13.649999618530273,13.470000267028809,13.59000015258789,13.579999923706055,19494800.0,10.871726989746094
2016-04-26,13.819999694824219,13.630000114440918,13.65999984741211,13.75,35214200.0,11.007824897766113
2016-04-27,13.710000038146973,13.59000015258789,13.640000343322754,13.65999984741211,27151400.0,11.056387901306152
2016-04-28,14.220000267028809,13.710000038146973,13.789999961853027,14.09000015258789,87588800.0,11.40442943572998
2016-04-29,14.029999732971191,13.529999732971191,13.930000305175781,13.5600004196167,69695100.0,10.97545051574707
2016-05-02,13.789999961853027,13.600000381469727,13.670000076293945,13.619999885559082,57955400.0,11.024012565612793
2016-05-03,13.550000190734863,13.149999618530273,13.5,13.430000305175781,45594000.0,10.870226860046387
2016-05-04,13.380000114440918,13.140000343322754,13.289999961853027,13.3100004196167,28895000.0,10.773100852966309
2016-05-05,13.430000305175781,13.220000267028809,13.350000381469727,13.319999694824219,23838100.0,10.781194686889648
2016-05-06,13.479999542236328,13.239999771118164,13.260000228881836,13.4399995803833,23284500.0,10.878321647644043
2016-05-09,13.5,13.279999732971191,13.420000076293945,13.319999694824219,21602000.0,10.781194686889648
2016-05-10,13.520000457763672,13.380000114440918,13.380000114440918,13.489999771118164,23583400.0,10.918790817260742
2016-05-11,13.539999961853027,13.300000190734863,13.4399995803833,13.319999694824219,20229600.0,10.781194686889648
2016-05-12,13.470000267028809,13.170000076293945,13.399999618530273,13.350000381469727,24784300.0,10.805476188659668
2016-05-13,13.520000457763672,13.170000076293945,13.34000015258789,13.220000267028809,27481900.0,10.700255393981934
2016-05-16,13.380000114440918,13.210000038146973,13.220000267028809,13.319999694824219,21262700.0,10.781194686889648
2016-05-17,13.3100004196167,13.069999694824219,13.140000343322754,13.140000343322754,34165300.0,10.635502815246582
2016-05-18,13.34000015258789,13.050000190734863,13.119999885559082,13.15999984741211,23509700.0,10.651690483093262
2016-05-19,13.199999809265137,13.020000457763672,13.100000381469727,13.09000015258789,24117800.0,10.595032691955566
2016-05-20,13.260000228881836,13.130000114440918,13.149999618530273,13.1899995803833,19465000.0,10.675970077514648
2016-05-23,13.199999809265137,13.109999656677246,13.140000343322754,13.130000114440918,16234300.0,10.62740707397461
2016-05-24,13.300000190734863,13.15999984741211,13.15999984741211,13.289999961853027,19721600.0,10.756911277770996
2016-05-25,13.600000381469727,13.329999923706055,13.329999923706055,13.520000457763672,26188300.0,10.943072319030762
2016-05-26,13.680000305175781,13.369999885559082,13.59000015258789,13.460000038146973,18369900.0,10.894510269165039
2016-05-27,13.539999961853027,13.399999618530273,13.479999542236328,13.449999809265137,17263300.0,10.886417388916016
2016-05-31,13.5600004196167,13.399999618530273,13.489999771118164,13.489999771118164,26096000.0,10.918790817260742
2016-06-01,13.4399995803833,12.970000267028809,13.430000305175781,13.109999656677246,58219600.0,10.61121940612793
2016-06-02,13.319999694824219,13.050000190734863,13.09000015258789,13.210000038146973,41614600.0,10.692159652709961
2016-06-03,13.140000343322754,12.899999618530273,13.140000343322754,13.039999961853027,39850700.0,10.554560661315918
2016-06-06,13.210000038146973,13.039999961853027,13.079999923706055,13.180000305175781,25588700.0,10.667878150939941
2016-06-07,13.449999809265137,13.180000305175781,13.229999542236328,13.380000114440918,27656900.0,10.829756736755371
2016-06-08,13.489999771118164,13.350000381469727,13.449999809265137,13.359999656677246,18084800.0,10.813569068908691
2016-06-09,13.300000190734863,13.140000343322754,13.260000228881836,13.260000228881836,19873800.0,10.732627868652344
2016-06-10,13.25,13.050000190734863,13.170000076293945,13.100000381469727,27382700.0,10.60312557220459
2016-06-13,13.130000114440918,12.960000038146973,13.069999694824219,12.979999542236328,20745800.0,10.505998611450195
2016-06-14,13.069999694824219,12.760000228881836,12.989999771118164,12.84000015258789,30546000.0,10.392681121826172
2016-06-15,13.15999984741211,12.880000114440918,12.90999984741211,13.010000228881836,25829700.0,10.530281066894531
2016-06-16,13.140000343322754,12.850000381469727,12.930000305175781,13.119999885559082,26581200.0,10.619312286376953
2016-06-17,13.399999618530273,13.149999618530273,13.15999984741211,13.260000228881836,37364900.0,10.732627868652344
2016-06-20,13.550000190734863,13.390000343322754,13.390000343322754,13.420000076293945,29666700.0,10.862133026123047
2016-06-21,13.4399995803833,13.180000305175781,13.4399995803833,13.220000267028809,36721800.0,10.700255393981934
2016-06-22,13.3100004196167,13.149999618530273,13.229999542236328,13.180000305175781,20666600.0,10.667878150939941
2016-06-23,13.40999984741211,13.279999732971191,13.289999961853027,13.399999618530273,24579700.0,10.84594440460205
2016-06-24,12.90999984741211,12.449999809265137,12.789999961853027,12.520000457763672,96887300.0,10.133674621582031
2016-06-27,12.430000305175781,12.0,12.430000305175781,12.15999984741211,52731800.0,9.842289924621582
2016-06-28,12.4399995803833,12.210000038146973,12.420000076293945,12.390000343322754,40640400.0,10.02845287322998
2016-06-29,12.579999923706055,12.359999656677246,12.489999771118164,12.550000190734863,31937900.0,10.157957077026367
2016-06-30,12.569999694824219,12.260000228881836,12.5600004196167,12.569999694824219,44983800.0,10.17414379119873
2016-07-01,12.890000343322754,12.6899995803833,12.880000114440918,12.720000267028809,45067800.0,10.295554161071777
2016-07-05,12.59000015258789,12.3100004196167,12.569999694824219,12.399999618530273,30243300.0,10.036545753479004
2016-07-06,12.579999923706055,12.210000038146973,12.319999694824219,12.569999694824219,35091200.0,10.17414379119873
2016-07-07,12.84000015258789,12.569999694824219,12.569999694824219,12.75,33473000.0,10.31983757019043
2016-07-08,13.170000076293945,12.890000343322754,12.890000343322754,13.09000015258789,45945200.0,10.595032691955566
2016-07-11,13.329999923706055,13.130000114440918,13.170000076293945,13.270000457763672,28626300.0,10.740723609924316
2016-07-12,13.539999961853027,13.380000114440918,13.380000114440918,13.449999809265137,31320100.0,10.886417388916016
2016-07-13,13.510000228881836,13.3100004196167,13.489999771118164,13.479999542236328,26779800.0,10.910696983337402
2016-07-14,13.699999809265137,13.550000190734863,13.569999694824219,13.59000015258789,31803000.0,10.99972915649414
2016-07-15,13.670000076293945,13.529999732971191,13.630000114440918,13.569999694824219,19546300.0,10.98354434967041
2016-07-18,13.680000305175781,13.420000076293945,13.5600004196167,13.649999618530273,22545800.0,11.048294067382812
2016-07-19,13.720000267028809,13.5,13.5600004196167,13.649999618530273,26183400.0,11.048294067382812
2016-07-20,13.779999732971191,13.5600004196167,13.609999656677246,13.739999771118164,22588900.0,11.121140480041504
2016-07-21,14.039999961853027,13.859999656677246,13.869999885559082,13.920000076293945,40574400.0,11.26683521270752
2016-07-22,13.930000305175781,13.710000038146973,13.920000076293945,13.84000015258789,25134100.0,11.202082633972168
2016-07-25,13.949999809265137,13.760000228881836,13.859999656677246,13.829999923706055,26248500.0,11.193986892700195
2016-07-26,13.880000114440918,13.6899995803833,13.729999542236328,13.859999656677246,28467200.0,11.341275215148926
2016-07-27,13.989999771118164,13.75,13.859999656677246,13.84000015258789,34625500.0,11.324911117553711
2016-07-28,12.859999656677246,12.449999809265137,12.779999732971191,12.710000038146973,142168600.0,10.400260925292969
2016-07-29,12.880000114440918,12.600000381469727,12.609999656677246,12.65999984741211,59754100.0,10.359345436096191
2016-08-01,12.619999885559082,12.399999618530273,12.609999656677246,12.479999542236328,51963100.0,10.212057113647461
2016-08-02,12.359999656677246,11.899999618530273,12.350000381469727,11.9399995803833,101624900.0,9.77018928527832
2016-08-03,12.199999809265137,11.9399995803833,12.020000457763672,12.130000114440918,47323300.0,9.925661087036133
2016-08-04,12.229999542236328,12.050000190734863,12.119999885559082,12.079999923706055,38443200.0,9.884748458862305
2016-08-05,12.260000228881836,12.15999984741211,12.15999984741211,12.1899995803833,31219500.0,9.97475814819336
2016-08-08,12.329999923706055,12.149999618530273,12.220000267028809,12.180000305175781,33310600.0,9.966574668884277
2016-08-09,12.380000114440918,12.149999618530273,12.15999984741211,12.3100004196167,30097800.0,10.072951316833496
2016-08-10,12.359999656677246,12.229999542236328,12.300000190734863,12.25,24555800.0,10.023853302001953
2016-08-11,12.369999885559082,12.260000228881836,12.3100004196167,12.3100004196167,24987300.0,10.072951316833496
2016-08-12,12.369999885559082,12.25,12.289999961853027,12.329999923706055,18816900.0,10.089317321777344
2016-08-15,12.4399995803833,12.359999656677246,12.369999885559082,12.430000305175781,16371100.0,10.171144485473633
2016-08-16,12.430000305175781,12.329999923706055,12.350000381469727,12.34000015258789,20450100.0,10.097500801086426
2016-08-17,12.390000343322754,12.229999542236328,12.329999923706055,12.390000343322754,23434500.0,10.138412475585938
2016-08-18,12.359999656677246,12.270000457763672,12.329999923706055,12.329999923706055,23629500.0,10.089317321777344
2016-08-19,12.40999984741211,12.25,12.300000190734863,12.390000343322754,21891400.0,10.138412475585938
2016-08-22,12.380000114440918,12.289999961853027,12.350000381469727,12.359999656677246,22458400.0,10.11386489868164
2016-08-23,12.430000305175781,12.329999923706055,12.399999618530273,12.420000076293945,34634100.0,10.16296100616455
2016-08-24,12.4399995803833,12.279999732971191,12.40999984741211,12.300000190734863,19999600.0,10.064769744873047
2016-08-25,12.520000457763672,12.210000038146973,12.300000190734863,12.470000267028809,44713700.0,10.203875541687012
2016-08-26,12.550000190734863,12.34000015258789,12.470000267028809,12.380000114440918,22645900.0,10.130231857299805
2016-08-29,12.5,12.380000114440918,12.380000114440918,12.470000267028809,22243200.0,10.203875541687012
2016-08-30,12.5600004196167,12.430000305175781,12.470000267028809,12.550000190734863,26040400.0,10.269336700439453
2016-08-31,12.609999656677246,12.479999542236328,12.479999542236328,12.600000381469727,26030600.0,10.310253143310547
2016-09-01,12.720000267028809,12.350000381469727,12.65999984741211,12.4399995803833,40510400.0,10.179325103759766
2016-09-02,12.569999694824219,12.460000038146973,12.529999732971191,12.5,21079800.0,10.228423118591309
2016-09-06,12.670000076293945,12.430000305175781,12.489999771118164,12.670000076293945,36098900.0,10.367531776428223
2016-09-07,12.75,12.619999885559082,12.619999885559082,12.699999809265137,22879100.0,10.392078399658203
2016-09-08,12.75,12.5,12.5,12.729999542236328,34017900.0,10.416626930236816
2016-09-09,12.6899995803833,12.380000114440918,12.609999656677246,12.380000114440918,35733600.0,10.130231857299805
2016-09-12,12.770000457763672,12.279999732971191,12.319999694824219,12.699999809265137,42690200.0,10.392078399658203
2016-09-13,12.680000305175781,12.329999923706055,12.529999732971191,12.380000114440918,56549100.0,10.130231857299805
2016-09-14,12.3100004196167,12.109999656677246,12.180000305175781,12.140000343322754,62450600.0,9.933845520019531
2016-09-15,12.180000305175781,12.0600004196167,12.140000343322754,12.109999656677246,57334800.0,9.909296035766602
2016-09-16,12.130000114440918,12.010000228881836,12.050000190734863,12.109999656677246,26271600.0,9.909296035766602
2016-09-19,12.329999923706055,12.0600004196167,12.119999885559082,12.109999656677246,41175500.0,9.909296035766602
2016-09-20,12.1899995803833,11.960000038146973,12.09000015258789,12.0,37820800.0,9.81928539276123
2016-09-21,12.109999656677246,12.010000228881836,12.079999923706055,12.09000015258789,32934600.0,9.89293098449707
2016-09-22,12.289999961853027,12.15999984741211,12.170000076293945,12.180000305175781,36136200.0,9.966574668884277
2016-09-23,12.220000267028809,12.119999885559082,12.119999885559082,12.170000076293945,18993500.0,9.958391189575195
2016-09-26,12.119999885559082,12.0,12.119999885559082,12.010000228881836,26758600.0,9.827467918395996
2016-09-27,12.09000015258789,11.930000305175781,12.020000457763672,11.979999542236328,28965800.0,9.8029203414917
2016-09-28,12.09000015258789,11.960000038146973,12.020000457763672,12.09000015258789,29341500.0,9.89293098449707
2016-09-29,12.119999885559082,11.949999809265137,12.029999732971191,11.970000267028809,23397400.0,9.794739723205566
2016-09-30,12.140000343322754,11.989999771118164,12.0,12.069999694824219,34903800.0,9.876565933227539
2016-10-03,12.149999618530273,12.020000457763672,12.0600004196167,12.100000381469727,20683100.0,9.901114463806152
2016-10-04,12.25,12.09000015258789,12.109999656677246,12.199999809265137,23948700.0,9.982941627502441
2016-10-05,12.529999732971191,12.220000267028809,12.220000267028809,12.479999542236328,55529100.0,10.212057113647461
2016-10-06,12.510000228881836,12.329999923706055,12.430000305175781,12.390000343322754,25880900.0,10.138412475585938
2016-10-07,12.420000076293945,12.199999809265137,12.390000343322754,12.289999961853027,22093200.0,10.056584358215332
2016-10-10,12.380000114440918,12.100000381469727,12.350000381469727,12.119999885559082,24951400.0,9.917478561401367
2016-10-11,12.170000076293945,11.90999984741211,12.170000076293945,11.989999771118164,40053500.0,9.811103820800781
2016-10-12,12.010000228881836,11.9399995803833,12.0,11.960000038146973,20627000.0,9.786556243896484
2016-10-13,11.90999984741211,11.6899995803833,11.90999984741211,11.90999984741211,39904200.0,9.745640754699707
2016-10-14,12.0,11.890000343322754,11.960000038146973,11.90999984741211,25775700.0,9.745640754699707
2016-10-17,12.0,11.880000114440918,11.90999984741211,11.880000114440918,19875000.0,9.72109317779541
2016-10-18,11.930000305175781,11.710000038146973,11.920000076293945,11.890000343322754,39911300.0,9.729275703430176
2016-10-19,12.050000190734863,11.880000114440918,11.890000343322754,12.010000228881836,26094000.0,9.827467918395996
2016-10-20,12.029999732971191,11.899999618530273,12.020000457763672,11.970000267028809,18116000.0,9.794739723205566
2016-10-21,12.039999961853027,11.850000381469727,11.930000305175781,12.020000457763672,24364200.0,9.835651397705078
2016-10-24,12.199999809265137,12.0600004196167,12.0600004196167,12.1899995803833,33733600.0,9.97475814819336
2016-10-25,12.100000381469727,11.760000228881836,12.050000190734863,11.850000381469727,42486000.0,9.81734848022461
2016-10-26,11.930000305175781,11.760000228881836,11.800000190734863,11.880000114440918,36219900.0,9.842203140258789
2016-10-27,11.829999923706055,11.600000381469727,11.8100004196167,11.739999771118164,48402000.0,9.726218223571777
2016-10-28,11.850000381469727,11.630000114440918,11.739999771118164,11.720000267028809,37142400.0,9.709649085998535
2016-10-31,11.8100004196167,11.6899995803833,11.75,11.739999771118164,31898400.0,9.726218223571777
2016-11-01,11.84000015258789,11.5,11.779999732971191,11.609999656677246,35613600.0,9.618515014648438
2016-11-02,11.5600004196167,11.359999656677246,11.510000228881836,11.399999618530273,36229400.0,9.444539070129395
2016-11-03,11.460000038146973,11.270000457763672,11.390000343322754,11.350000381469727,38651500.0,9.403115272521973
2016-11-04,11.5,11.300000190734863,11.3100004196167,11.34000015258789,24752400.0,9.394829750061035
2016-11-07,11.619999885559082,11.390000343322754,11.520000457763672,11.579999923706055,25120700.0,9.593664169311523
2016-11-08,11.510000228881836,11.350000381469727,11.5,11.479999542236328,28497900.0,9.510815620422363
2016-11-09,11.630000114440918,11.069999694824219,11.149999618530273,11.579999923706055,60625700.0,9.593664169311523
2016-11-10,11.979999542236328,11.579999923706055,11.579999923706055,11.9399995803833,52756500.0,9.891911506652832
2016-11-11,12.399999618530273,11.84000015258789,11.880000114440918,12.279999732971191,79259300.0,10.173589706420898
2016-11-14,12.5,12.020000457763672,12.270000457763672,12.0600004196167,56109900.0,9.991328239440918
2016-11-15,12.140000343322754,11.949999809265137,12.0600004196167,12.039999961853027,31498500.0,9.974759101867676
2016-11-16,12.050000190734863,11.920000076293945,12.0,12.0,25195500.0,9.941618919372559
2016-11-17,11.960000038146973,11.779999732971191,11.899999618530273,11.869999885559082,38502500.0,9.833918571472168
2016-11-18,11.899999618530273,11.729999542236328,11.869999885559082,11.760000228881836,30662000.0,9.742786407470703
2016-11-21,11.899999618530273,11.770000457763672,11.770000457763672,11.789999961853027,19508600.0,9.767641067504883
2016-11-22,11.90999984741211,11.729999542236328,11.760000228881836,11.890000343322754,24274700.0,9.85048770904541
2016-11-23,12.0,11.850000381469727,11.899999618530273,11.899999618530273,22414000.0,9.858771324157715
2016-11-25,12.0600004196167,11.930000305175781,11.949999809265137,12.039999961853027,11439600.0,9.974759101867676
2016-11-28,12.050000190734863,11.890000343322754,12.020000457763672,11.920000076293945,24407200.0,9.87534236907959
2016-11-29,12.0,11.869999885559082,11.930000305175781,11.920000076293945,23690800.0,9.87534236907959
2016-11-30,12.140000343322754,11.920000076293945,11.970000267028809,11.960000038146973,47646200.0,9.90848159790039
2016-12-01,12.800000190734863,12.180000305175781,12.229999542236328,12.430000305175781,95143600.0,10.297861099243164
2016-12-02,12.579999923706055,12.149999618530273,12.579999923706055,12.239999771118164,38689800.0,10.140451431274414
2016-12-05,12.5,12.289999961853027,12.3100004196167,12.4399995803833,36220000.0,10.306144714355469
2016-12-06,12.59000015258789,12.369999885559082,12.399999618530273,12.5600004196167,23923900.0,10.405562400817871
2016-12-07,13.149999618530273,12.539999961853027,12.59000015258789,13.0600004196167,58600400.0,10.819796562194824
2016-12-08,13.149999618530273,12.970000267028809,13.069999694824219,13.029999732971191,41459500.0,10.794940948486328
2016-12-09,13.199999809265137,12.90999984741211,13.0,13.170000076293945,45256100.0,10.910929679870605
2016-12-12,13.100000381469727,12.8100004196167,13.079999923706055,12.819999694824219,39596800.0,10.620963096618652
2016-12-13,12.880000114440918,12.75,12.84000015258789,12.770000457763672,39570500.0,10.579541206359863
2016-12-14,12.789999961853027,12.5,12.649999618530273,12.529999732971191,42820100.0,10.380707740783691
2016-12-15,12.720000267028809,12.520000457763672,12.539999961853027,12.579999923706055,23774800.0,10.422130584716797
2016-12-16,12.699999809265137,12.5600004196167,12.65999984741211,12.630000114440918,28354900.0,10.463554382324219
2016-12-19,12.800000190734863,12.59000015258789,12.59000015258789,12.65999984741211,22830000.0,10.488407135009766
2016-12-20,12.819999694824219,12.680000305175781,12.699999809265137,12.779999732971191,17834000.0,10.587823867797852
2016-12-21,12.770000457763672,12.640000343322754,12.729999542236328,12.640000343322754,18117100.0,10.47183895111084
2016-12-22,12.640000343322754,12.399999618530273,12.630000114440918,12.399999618530273,27821100.0,10.273006439208984
2016-12-23,12.460000038146973,12.359999656677246,12.430000305175781,12.460000038146973,15621200.0,10.322712898254395
2016-12-27,12.510000228881836,12.359999656677246,12.430000305175781,12.390000343322754,19467400.0,10.264720916748047
2016-12-28,12.449999809265137,12.220000267028809,12.369999885559082,12.25,26875400.0,10.148735046386719
2016-12-29,12.3100004196167,12.220000267028809,12.25,12.229999542236328,19819100.0,10.13216781616211
2016-12-30,12.279999732971191,12.079999923706055,12.239999771118164,12.130000114440918,27405700.0,10.04931926727295
2017-01-03,12.600000381469727,12.130000114440918,12.199999809265137,12.59000015258789,40510800.0,10.43041706085205
2017-01-04,13.270000457763672,12.739999771118164,12.770000457763672,13.170000076293945,77638100.0,10.910929679870605
2017-01-05,13.220000267028809,12.630000114440918,13.210000038146973,12.770000457763672,75628400.0,10.579541206359863
2017-01-06,12.84000015258789,12.640000343322754,12.800000190734863,12.760000228881836,40315900.0,10.571256637573242
2017-01-09,12.859999656677246,12.630000114440918,12.789999961853027,12.630000114440918,39438400.0,10.463554382324219
2017-01-10,13.020000457763672,12.65999984741211,12.699999809265137,12.850000381469727,58703500.0,10.645818710327148
2017-01-11,12.720000267028809,12.510000228881836,12.710000038146973,12.670000076293945,49718700.0,10.496694564819336
2017-01-12,12.680000305175781,12.350000381469727,12.65999984741211,12.59000015258789,36493300.0,10.43041706085205
2017-01-13,12.670000076293945,12.5,12.619999885559082,12.630000114440918,29197100.0,10.463554382324219
2017-01-17,12.729999542236328,12.539999961853027,12.649999618530273,12.609999656677246,49069500.0,10.446986198425293
2017-01-18,12.449999809265137,12.300000190734863,12.430000305175781,12.40999984741211,33830800.0,10.446986198425293
2017-01-19,12.5600004196167,12.34000015258789,12.399999618530273,12.430000305175781,30135600.0,10.463822364807129
2017-01-20,12.479999542236328,12.3100004196167,12.449999809265137,12.359999656677246,29270000.0,10.40489387512207
2017-01-23,12.380000114440918,12.220000267028809,12.350000381469727,12.3100004196167,31670700.0,10.36280345916748
2017-01-24,12.609999656677246,12.34000015258789,12.350000381469727,12.609999656677246,34625200.0,10.615349769592285
2017-01-25,12.800000190734863,12.640000343322754,12.710000038146973,12.789999961853027,46747800.0,10.766877174377441
2017-01-26,12.680000305175781,12.350000381469727,12.649999618530273,12.369999885559082,55672800.0,10.413312911987305
2017-01-27,12.539999961853027,12.380000114440918,12.479999542236328,12.489999771118164,34613900.0,10.51432991027832
2017-01-30,12.460000038146973,12.279999732971191,12.460000038146973,12.369999885559082,39254200.0,10.413312911987305
2017-01-31,12.390000343322754,12.1899995803833,12.3100004196167,12.359999656677246,46974500.0,10.40489387512207
2017-02-01,12.579999923706055,12.220000267028809,12.449999809265137,12.319999694824219,44396800.0,10.371221542358398
2017-02-02,12.369999885559082,12.229999542236328,12.300000190734863,12.279999732971191,29035400.0,10.33754825592041
2017-02-03,12.619999885559082,12.390000343322754,12.420000076293945,12.5600004196167,38245300.0,10.573258399963379
2017-02-06,12.619999885559082,12.460000038146973,12.550000190734863,12.520000457763672,26916800.0,10.53958511352539
2017-02-07,12.520000457763672,12.3100004196167,12.5,12.34000015258789,32914400.0,10.38805866241455
2017-02-08,12.449999809265137,12.270000457763672,12.34000015258789,12.380000114440918,26411400.0,10.421730041503906
2017-02-09,12.470000267028809,12.350000381469727,12.380000114440918,12.380000114440918,32924600.0,10.421730041503906
2017-02-10,12.510000228881836,12.369999885559082,12.4399995803833,12.510000228881836,32996500.0,10.531166076660156
2017-02-13,12.619999885559082,12.479999542236328,12.539999961853027,12.5600004196167,24474000.0,10.573258399963379
2017-02-14,12.699999809265137,12.59000015258789,12.640000343322754,12.649999618530273,28355700.0,10.64902114868164
2017-02-15,12.640000343322754,12.550000190734863,12.619999885559082,12.630000114440918,25114400.0,10.632185935974121
2017-02-16,12.640000343322754,12.479999542236328,12.609999656677246,12.539999961853027,22896500.0,10.556419372558594
2017-02-17,12.579999923706055,12.420000076293945,12.5,12.579999923706055,26407400.0,10.590093612670898
2017-02-21,12.720000267028809,12.609999656677246,12.609999656677246,12.6899995803833,29156200.0,10.682694435119629
2017-02-22,12.770000457763672,12.649999618530273,12.65999984741211,12.670000076293945,24787500.0,10.665858268737793
2017-02-23,12.720000267028809,12.550000190734863,12.699999809265137,12.5600004196167,22520600.0,10.573258399963379
2017-02-24,12.510000228881836,12.380000114440918,12.510000228881836,12.470000267028809,40817300.0,10.4974946975708
2017-02-27,12.680000305175781,12.430000305175781,12.489999771118164,12.65999984741211,41713100.0,10.657439231872559
2017-02-28,12.65999984741211,12.449999809265137,12.630000114440918,12.529999732971191,36089800.0,10.548004150390625
2017-03-01,12.75,12.649999618530273,12.65999984741211,12.6899995803833,36178600.0,10.682694435119629
2017-03-02,12.75,12.579999923706055,12.720000267028809,12.65999984741211,33245100.0,10.657439231872559
2017-03-03,12.710000038146973,12.529999732971191,12.65999984741211,12.649999618530273,30429200.0,10.64902114868164
2017-03-06,12.600000381469727,12.5,12.579999923706055,12.520000457763672,28753600.0,10.53958511352539
2017-03-07,12.529999732971191,12.420000076293945,12.510000228881836,12.460000038146973,25906900.0,10.489075660705566
2017-03-08,12.640000343322754,12.460000038146973,12.5,12.529999732971191,27327800.0,10.548004150390625
2017-03-09,12.539999961853027,12.399999618530273,12.539999961853027,12.5,29149100.0,10.522747993469238
2017-03-10,12.630000114440918,12.470000267028809,12.550000190734863,12.529999732971191,34866100.0,10.548004150390625
2017-03-13,12.630000114440918,12.5,12.5600004196167,12.539999961853027,22625800.0,10.556419372558594
2017-03-14,12.5600004196167,12.449999809265137,12.510000228881836,12.550000190734863,26956700.0,10.564839363098145
2017-03-15,12.649999618530273,12.520000457763672,12.5600004196167,12.649999618530273,34296200.0,10.64902114868164
2017-03-16,12.720000267028809,12.59000015258789,12.649999618530273,12.699999809265137,28954700.0,10.691112518310547
2017-03-17,12.739999771118164,12.449999809265137,12.739999771118164,12.479999542236328,54929100.0,10.505910873413086
2017-03-20,12.489999771118164,12.25,12.479999542236328,12.279999732971191,45329700.0,10.33754825592041
2017-03-21,12.319999694824219,11.699999809265137,12.300000190734863,11.720000267028809,101559900.0,9.866129875183105
2017-03-22,11.829999923706055,11.619999885559082,11.720000267028809,11.770000457763672,71107900.0,9.908221244812012
2017-03-23,11.75,11.5,11.569999694824219,11.670000076293945,71209300.0,9.824039459228516
2017-03-24,11.770000457763672,11.550000190734863,11.65999984741211,11.619999885559082,43772400.0,9.781947135925293
2017-03-27,11.550000190734863,11.40999984741211,11.510000228881836,11.460000038146973,57713400.0,9.647256851196289
2017-03-28,11.800000190734863,11.479999542236328,11.510000228881836,11.649999618530273,57662800.0,9.807202339172363
2017-03-29,11.760000228881836,11.640000343322754,11.729999542236328,11.680000305175781,35795700.0,9.832457542419434
2017-03-30,11.739999771118164,11.609999656677246,11.670000076293945,11.680000305175781,28008200.0,9.832457542419434
2017-03-31,11.680000305175781,11.600000381469727,11.65999984741211,11.640000343322754,26717500.0,9.798783302307129
2017-04-03,11.640000343322754,11.279999732971191,11.640000343322754,11.4399995803833,65671100.0,9.63041877746582
2017-04-04,11.479999542236328,11.279999732971191,11.380000114440918,11.369999885559082,40068200.0,9.571493148803711
2017-04-05,11.5,11.25,11.479999542236328,11.260000228881836,43316100.0,9.47889232635498
2017-04-06,11.359999656677246,11.220000267028809,11.270000457763672,11.270000457763672,36165300.0,9.487311363220215
2017-04-07,11.3100004196167,11.210000038146973,11.260000228881836,11.229999542236328,28874900.0,9.453638076782227
2017-04-10,11.350000381469727,11.239999771118164,11.260000228881836,11.25,25857100.0,9.470474243164062
2017-04-11,11.279999732971191,11.170000076293945,11.270000457763672,11.279999732971191,36366300.0,9.495728492736816
2017-04-12,11.300000190734863,11.199999809265137,11.270000457763672,11.229999542236328,56588400.0,9.453638076782227
2017-04-13,11.25,11.109999656677246,11.220000267028809,11.109999656677246,32789900.0,9.352618217468262
2017-04-17,11.300000190734863,11.140000343322754,11.220000267028809,11.279999732971191,44731700.0,9.495728492736816
2017-04-18,11.180000305175781,11.079999923706055,11.149999618530273,11.140000343322754,35660000.0,9.504261016845703
2017-04-19,11.279999732971191,11.170000076293945,11.1899995803833,11.1899995803833,37524400.0,9.546917915344238
2017-04-20,11.5,11.239999771118164,11.25,11.470000267028809,49990200.0,9.78580379486084
2017-04-21,11.479999542236328,11.319999694824219,11.460000038146973,11.34000015258789,26076200.0,9.674894332885742
2017-04-24,11.5,11.359999656677246,11.479999542236328,11.430000305175781,41071300.0,9.751679420471191
2017-04-25,11.5,11.430000305175781,11.470000267028809,11.479999542236328,35862500.0,9.79433536529541
2017-04-26,11.699999809265137,11.449999809265137,11.470000267028809,11.600000381469727,51685800.0,9.89671802520752
2017-04-27,11.680000305175781,11.34000015258789,11.65999984741211,11.470000267028809,50203700.0,9.78580379486084
2017-04-28,11.510000228881836,11.399999618530273,11.510000228881836,11.470000267028809,41415100.0,9.78580379486084
2017-05-01,11.539999961853027,11.399999618530273,11.489999771118164,11.420000076293945,32118400.0,9.743147850036621
2017-05-02,11.369999885559082,10.899999618530273,11.300000190734863,10.920000076293945,99514700.0,9.316563606262207
2017-05-03,11.09000015258789,10.90999984741211,10.920000076293945,11.069999694824219,57290600.0,9.444539070129395
2017-05-04,11.109999656677246,10.960000038146973,11.09000015258789,11.0,34639800.0,9.384817123413086
2017-05-05,11.15999984741211,10.979999542236328,11.010000228881836,11.140000343322754,28926000.0,9.504261016845703
2017-05-08,11.239999771118164,11.09000015258789,11.180000305175781,11.130000114440918,35561800.0,9.495728492736816
2017-05-09,11.260000228881836,11.100000381469727,11.140000343322754,11.15999984741211,44142900.0,9.521324157714844
2017-05-10,11.199999809265137,11.029999732971191,11.15999984741211,11.039999961853027,34989300.0,9.418943405151367
2017-05-11,11.069999694824219,10.970000267028809,11.039999961853027,11.010000228881836,29276300.0,9.393348693847656
2017-05-12,11.029999732971191,10.899999618530273,11.0,10.920000076293945,34264300.0,9.316563606262207
2017-05-15,11.029999732971191,10.920000076293945,10.960000038146973,10.9399995803833,27359500.0,9.333626747131348
2017-05-16,11.069999694824219,10.899999618530273,11.0600004196167,10.9399995803833,42130200.0,9.333626747131348
2017-05-17,10.949999809265137,10.670000076293945,10.9399995803833,10.760000228881836,54670100.0,9.180057525634766
2017-05-18,10.819999694824219,10.699999809265137,10.729999542236328,10.789999961853027,37890800.0,9.205652236938477
2017-05-19,10.9399995803833,10.789999961853027,10.8100004196167,10.869999885559082,32431700.0,9.273904800415039
2017-05-22,11.130000114440918,10.979999542236328,11.109999656677246,11.100000381469727,73335000.0,9.470134735107422
2017-05-23,11.170000076293945,10.970000267028809,11.15999984741211,11.050000190734863,40816600.0,9.427475929260254
2017-05-24,11.0600004196167,10.869999885559082,11.0600004196167,10.960000038146973,46638800.0,9.350690841674805
2017-05-25,10.970000267028809,10.760000228881836,10.960000038146973,10.859999656677246,46269200.0,9.265374183654785
2017-05-26,10.949999809265137,10.8100004196167,10.850000381469727,10.930000305175781,28176500.0,9.325095176696777
2017-05-30,11.119999885559082,10.989999771118164,11.0,11.079999923706055,36082600.0,9.453070640563965
2017-05-31,11.130000114440918,11.0,11.119999885559082,11.119999885559082,36398700.0,9.487197875976562
2017-06-01,11.539999961853027,11.100000381469727,11.25,11.40999984741211,76707200.0,9.734614372253418
2017-06-02,11.430000305175781,11.239999771118164,11.420000076293945,11.350000381469727,45925000.0,9.68342399597168
2017-06-05,11.359999656677246,11.229999542236328,11.359999656677246,11.25,42558600.0,9.59811019897461
2017-06-06,11.199999809265137,11.050000190734863,11.1899995803833,11.119999885559082,44543700.0,9.487197875976562
2017-06-07,11.1899995803833,11.020000457763672,11.15999984741211,11.069999694824219,37344200.0,9.444539070129395
2017-06-08,11.100000381469727,10.90999984741211,11.069999694824219,11.100000381469727,40757400.0,9.470134735107422
2017-06-09,11.149999618530273,11.010000228881836,11.09000015258789,11.130000114440918,30285900.0,9.495728492736816
2017-06-12,11.359999656677246,11.130000114440918,11.130000114440918,11.279999732971191,38473100.0,9.623703002929688
2017-06-13,11.350000381469727,11.149999618530273,11.319999694824219,11.270000457763672,29889300.0,9.615172386169434
2017-06-14,11.289999961853027,11.0600004196167,11.270000457763672,11.220000267028809,44367900.0,9.57251262664795
2017-06-15,11.289999961853027,11.140000343322754,11.149999618530273,11.239999771118164,28431600.0,9.589576721191406
2017-06-16,11.239999771118164,11.069999694824219,11.239999771118164,11.220000267028809,54035400.0,9.57251262664795
2017-06-19,11.279999732971191,11.180000305175781,11.199999809265137,11.239999771118164,30540900.0,9.589576721191406
2017-06-20,11.220000267028809,11.09000015258789,11.210000038146973,11.119999885559082,31971500.0,9.487197875976562
2017-06-21,11.149999618530273,11.0,11.149999618530273,11.039999961853027,37002500.0,9.418943405151367
2017-06-22,11.180000305175781,11.0,11.020000457763672,11.130000114440918,26972800.0,9.495728492736816
2017-06-23,11.130000114440918,11.0,11.100000381469727,11.039999961853027,45190200.0,9.418943405151367
2017-06-26,11.199999809265137,11.0600004196167,11.0600004196167,11.180000305175781,31316800.0,9.538387298583984
2017-06-27,11.199999809265137,11.0600004196167,11.170000076293945,11.079999923706055,28491600.0,9.453070640563965
2017-06-28,11.170000076293945,11.069999694824219,11.109999656677246,11.09000015258789,31820000.0,9.461600303649902
2017-06-29,11.199999809265137,11.069999694824219,11.130000114440918,11.170000076293945,32917000.0,9.529855728149414
2017-06-30,11.279999732971191,11.15999984741211,11.180000305175781,11.1899995803833,41075000.0,9.546917915344238
2017-07-03,11.6899995803833,11.25,11.359999656677246,11.5600004196167,43949600.0,9.862588882446289
2017-07-05,11.5600004196167,11.260000228881836,11.510000228881836,11.300000190734863,39412200.0,9.640769004821777
2017-07-06,11.359999656677246,11.170000076293945,11.289999961853027,11.180000305175781,31936000.0,9.538387298583984
2017-07-07,11.279999732971191,11.15999984741211,11.210000038146973,11.260000228881836,20871800.0,9.606640815734863
2017-07-10,11.350000381469727,11.229999542236328,11.239999771118164,11.34000015258789,18881300.0,9.674894332885742
2017-07-11,11.430000305175781,11.300000190734863,11.3100004196167,11.380000114440918,25914300.0,9.709019660949707
2017-07-12,11.619999885559082,11.399999618530273,11.40999984741211,11.470000267028809,33088200.0,9.78580379486084
2017-07-13,11.6899995803833,11.449999809265137,11.460000038146973,11.600000381469727,33650800.0,9.89671802520752
2017-07-14,11.729999542236328,11.600000381469727,11.649999618530273,11.680000305175781,39792200.0,9.964970588684082
2017-07-17,11.75,11.649999618530273,11.710000038146973,11.739999771118164,24394200.0,10.016159057617188
2017-07-18,11.75,11.670000076293945,11.720000267028809,11.75,24625200.0,10.024691581726074
2017-07-19,11.829999923706055,11.739999771118164,11.760000228881836,11.829999923706055,26225900.0,10.092944145202637
2017-07-20,11.779999732971191,11.65999984741211,11.6899995803833,11.699999809265137,30315100.0,10.110224723815918
2017-07-21,11.619999885559082,11.460000038146973,11.59000015258789,11.529999732971191,27630600.0,9.963325500488281
2017-07-24,11.550000190734863,11.270000457763672,11.510000228881836,11.289999961853027,48123400.0,9.755937576293945
2017-07-25,11.380000114440918,11.220000267028809,11.300000190734863,11.270000457763672,52854300.0,9.738655090332031
2017-07-26,11.15999984741211,10.949999809265137,11.140000343322754,11.0600004196167,72271700.0,9.557188987731934
2017-07-27,11.199999809265137,11.029999732971191,11.079999923706055,11.180000305175781,38687500.0,9.660883903503418
2017-07-28,11.220000267028809,11.0600004196167,11.149999618530273,11.170000076293945,24864100.0,9.652242660522461
2017-07-31,11.229999542236328,11.130000114440918,11.15999984741211,11.220000267028809,39548600.0,9.695448875427246
2017-08-01,11.149999618530273,10.869999885559082,11.109999656677246,10.949999809265137,65140100.0,9.462135314941406
2017-08-02,11.029999732971191,10.930000305175781,10.979999542236328,11.0,30890500.0,9.505341529846191
2017-08-03,11.050000190734863,10.920000076293945,11.010000228881836,10.930000305175781,20309300.0,9.444851875305176
2017-08-04,10.989999771118164,10.779999732971191,10.899999618530273,10.949999809265137,29267600.0,9.462135314941406
2017-08-07,10.979999542236328,10.899999618530273,10.9399995803833,10.920000076293945,35013000.0,9.436209678649902
2017-08-08,11.0,10.880000114440918,10.949999809265137,10.890000343322754,26322100.0,9.410287857055664
2017-08-09,10.949999809265137,10.829999923706055,10.880000114440918,10.920000076293945,32155900.0,9.436209678649902
2017-08-10,10.90999984741211,10.770000457763672,10.880000114440918,10.770000457763672,31903800.0,9.30659294128418
2017-08-11,10.84000015258789,10.760000228881836,10.789999961853027,10.770000457763672,32300100.0,9.30659294128418
2017-08-14,10.949999809265137,10.789999961853027,10.819999694824219,10.90999984741211,26413500.0,9.427570343017578
2017-08-15,11.0,10.84000015258789,10.920000076293945,10.84000015258789,29266300.0,9.367081642150879
2017-08-16,10.899999618530273,10.779999732971191,10.859999656677246,10.800000190734863,28316300.0,9.332517623901367
2017-08-17,10.800000190734863,10.600000381469727,10.789999961853027,10.640000343322754,35518800.0,9.194257736206055
2017-08-18,10.630000114440918,10.470000267028809,10.619999885559082,10.5600004196167,43998700.0,9.125128746032715
2017-08-21,10.65999984741211,10.520000457763672,10.529999732971191,10.569999694824219,30152500.0,9.133769989013672
2017-08-22,10.729999542236328,10.609999656677246,10.609999656677246,10.649999618530273,28676100.0,9.202898979187012
2017-08-23,10.779999732971191,10.59000015258789,10.609999656677246,10.710000038146973,35405800.0,9.254746437072754
2017-08-24,10.800000190734863,10.6899995803833,10.75,10.710000038146973,33584400.0,9.254746437072754
2017-08-25,10.880000114440918,10.760000228881836,10.770000457763672,10.819999694824219,35926800.0,9.349798202514648
2017-08-28,10.880000114440918,10.729999542236328,10.859999656677246,10.789999961853027,22307400.0,9.323877334594727
2017-08-29,10.890000343322754,10.729999542236328,10.75,10.84000015258789,29807300.0,9.367081642150879
2017-08-30,10.9399995803833,10.770000457763672,10.819999694824219,10.9399995803833,23629300.0,9.453493118286133
2017-08-31,11.199999809265137,10.949999809265137,10.970000267028809,11.029999732971191,54208900.0,9.531265258789062
2017-09-01,11.430000305175781,11.140000343322754,11.180000305175781,11.350000381469727,64560300.0,9.807784080505371
2017-09-05,11.390000343322754,11.239999771118164,11.359999656677246,11.359999656677246,44000200.0,9.816424369812012
2017-09-06,11.529999732971191,11.390000343322754,11.390000343322754,11.5,43279000.0,9.93740177154541
2017-09-07,11.520000457763672,11.329999923706055,11.520000457763672,11.399999618530273,30271000.0,9.850988388061523
2017-09-08,11.390000343322754,11.289999961853027,11.34000015258789,11.359999656677246,26633900.0,9.816424369812012
2017-09-11,11.449999809265137,11.380000114440918,11.399999618530273,11.40999984741211,43375000.0,9.859631538391113
2017-09-12,11.670000076293945,11.390000343322754,11.430000305175781,11.59000015258789,41386700.0,10.01517391204834
2017-09-13,11.630000114440918,11.520000457763672,11.600000381469727,11.619999885559082,23302200.0,10.041095733642578
2017-09-14,11.680000305175781,11.479999542236328,11.600000381469727,11.5600004196167,31696300.0,9.989249229431152
2017-09-15,11.630000114440918,11.489999771118164,11.539999961853027,11.619999885559082,30865500.0,10.041095733642578
2017-09-18,11.729999542236328,11.600000381469727,11.630000114440918,11.630000114440918,25132400.0,10.049738883972168
2017-09-19,11.739999771118164,11.619999885559082,11.630000114440918,11.720000267028809,26392900.0,10.127509117126465
2017-09-20,11.800000190734863,11.640000343322754,11.680000305175781,11.710000038146973,26705300.0,10.118867874145508
2017-09-21,11.819999694824219,11.6899995803833,11.710000038146973,11.720000267028809,40319400.0,10.127509117126465
2017-09-22,11.869999885559082,11.720000267028809,11.739999771118164,11.84000015258789,30196500.0,10.231204986572266
2017-09-25,12.0600004196167,11.84000015258789,11.880000114440918,11.9399995803833,40766000.0,10.317615509033203
2017-09-26,12.0,11.899999618530273,11.949999809265137,11.930000305175781,30646700.0,10.308974266052246
2017-09-27,12.020000457763672,11.859999656677246,11.979999542236328,11.949999809265137,28412200.0,10.32625675201416
2017-09-28,11.989999771118164,11.899999618530273,11.949999809265137,11.960000038146973,23105700.0,10.334898948669434
2017-09-29,12.020000457763672,11.920000076293945,11.970000267028809,11.970000267028809,31227500.0,10.343539237976074
2017-10-02,12.09000015258789,11.970000267028809,12.0,12.09000015258789,36020000.0,10.447234153747559
2017-10-03,12.430000305175781,12.220000267028809,12.319999694824219,12.34000015258789,65641700.0,10.663265228271484
2017-10-04,12.460000038146973,12.279999732971191,12.329999923706055,12.300000190734863,52909800.0,10.628701210021973
2017-10-05,12.359999656677246,12.149999618530273,12.34000015258789,12.25,48145800.0,10.585494041442871
2017-10-06,12.329999923706055,12.1899995803833,12.199999809265137,12.3100004196167,35091800.0,10.63734245300293
2017-10-09,12.40999984741211,12.25,12.329999923706055,12.34000015258789,28924800.0,10.663265228271484
2017-10-10,12.420000076293945,12.25,12.34000015258789,12.390000343322754,40586200.0,10.70647144317627
2017-10-11,12.430000305175781,12.3100004196167,12.380000114440918,12.380000114440918,34953400.0,10.697830200195312
2017-10-12,12.319999694824219,12.109999656677246,12.300000190734863,12.119999885559082,45924400.0,10.473158836364746
2017-10-13,12.170000076293945,11.869999885559082,12.0600004196167,12.050000190734863,44597300.0,10.412670135498047
2017-10-16,12.149999618530273,11.960000038146973,11.989999771118164,12.119999885559082,32349700.0,10.473158836364746
2017-10-17,12.3100004196167,12.119999885559082,12.130000114440918,12.270000457763672,55273200.0,10.602777481079102
2017-10-18,12.350000381469727,12.170000076293945,12.279999732971191,12.1899995803833,30783700.0,10.533645629882812
2017-10-19,12.25,12.050000190734863,12.140000343322754,12.229999542236328,29678200.0,10.56821060180664
2017-10-20,12.140000343322754,12.0,12.119999885559082,12.100000381469727,28171700.0,10.585708618164062
2017-10-23,12.1899995803833,12.039999961853027,12.109999656677246,12.039999961853027,21504800.0,10.533218383789062
2017-10-24,12.260000228881836,12.09000015258789,12.109999656677246,12.1899995803833,34651200.0,10.664443969726562
2017-10-25,12.149999618530273,11.970000267028809,12.149999618530273,12.039999961853027,47674800.0,10.533218383789062
2017-10-26,12.34000015258789,12.0600004196167,12.199999809265137,12.270000457763672,49003100.0,10.734434127807617
2017-10-27,12.239999771118164,12.010000228881836,12.229999542236328,12.0600004196167,33925400.0,10.550715446472168
2017-10-30,12.149999618530273,11.949999809265137,12.010000228881836,12.100000381469727,36457400.0,10.585708618164062
2017-10-31,12.300000190734863,12.130000114440918,12.149999618530273,12.270000457763672,42010200.0,10.734434127807617
2017-11-01,12.470000267028809,12.279999732971191,12.399999618530273,12.350000381469727,43495800.0,10.804421424865723
2017-11-02,12.430000305175781,12.260000228881836,12.329999923706055,12.420000076293945,40923400.0,10.865660667419434
2017-11-03,12.460000038146973,12.319999694824219,12.40999984741211,12.359999656677246,33220300.0,10.813170433044434
2017-11-06,12.430000305175781,12.300000190734863,12.359999656677246,12.329999923706055,20178500.0,10.786924362182617
2017-11-07,12.380000114440918,12.109999656677246,12.350000381469727,12.15999984741211,41536300.0,10.638198852539062
2017-11-08,12.15999984741211,12.010000228881836,12.140000343322754,12.0600004196167,34127500.0,10.550715446472168
2017-11-09,12.050000190734863,11.930000305175781,12.010000228881836,12.039999961853027,26257300.0,10.533218383789062
2017-11-10,12.09000015258789,11.979999542236328,12.0,12.010000228881836,35298400.0,10.506972312927246
2017-11-13,12.220000267028809,11.970000267028809,12.010000228881836,12.15999984741211,30415900.0,10.638198852539062
2017-11-14,12.15999984741211,11.989999771118164,12.100000381469727,12.020000457763672,25893400.0,10.51572036743164
2017-11-15,12.029999732971191,11.869999885559082,11.970000267028809,12.0,28441300.0,10.498224258422852
2017-11-16,12.050000190734863,11.930000305175781,12.0,12.039999961853027,28269000.0,10.533218383789062
2017-11-17,12.0600004196167,11.989999771118164,12.020000457763672,12.010000228881836,31117700.0,10.506972312927246
2017-11-20,12.149999618530273,12.020000457763672,12.029999732971191,12.130000114440918,32352000.0,10.611953735351562
2017-11-21,12.229999542236328,12.119999885559082,12.140000343322754,12.119999885559082,28510300.0,10.603206634521484
2017-11-22,12.149999618530273,12.050000190734863,12.109999656677246,12.069999694824219,36184000.0,10.559463500976562
2017-11-24,12.149999618530273,12.029999732971191,12.100000381469727,12.100000381469727,9549600.0,10.585708618164062
2017-11-27,12.1899995803833,12.0600004196167,12.09000015258789,12.109999656677246,28525200.0,10.59445571899414
2017-11-28,12.239999771118164,12.079999923706055,12.149999618530273,12.210000038146973,33199300.0,10.681941986083984
2017-11-29,12.569999694824219,12.229999542236328,12.239999771118164,12.5600004196167,64866000.0,10.988141059875488
2017-11-30,12.649999618530273,12.420000076293945,12.529999732971191,12.520000457763672,49224200.0,10.953146934509277
2017-12-01,12.699999809265137,12.350000381469727,12.619999885559082,12.579999923706055,52458700.0,11.005637168884277
2017-12-04,12.8100004196167,12.59000015258789,12.649999618530273,12.630000114440918,39558900.0,11.049379348754883
2017-12-05,12.619999885559082,12.399999618530273,12.420000076293945,12.430000305175781,45527200.0,10.874408721923828
2017-12-06,12.430000305175781,12.279999732971191,12.369999885559082,12.380000114440918,28453800.0,10.830667495727539
2017-12-07,12.59000015258789,12.329999923706055,12.579999923706055,12.529999732971191,25417100.0,10.961895942687988
2017-12-08,12.609999656677246,12.430000305175781,12.529999732971191,12.609999656677246,21981900.0,11.031882286071777
2017-12-11,12.630000114440918,12.510000228881836,12.569999694824219,12.579999923706055,44194600.0,11.005637168884277
2017-12-12,12.640000343322754,12.510000228881836,12.5600004196167,12.600000381469727,54370600.0,11.023134231567383
2017-12-13,12.729999542236328,12.59000015258789,12.609999656677246,12.630000114440918,31859000.0,11.049379348754883
2017-12-14,12.6899995803833,12.40999984741211,12.649999618530273,12.460000038146973,37074000.0,10.900654792785645
2017-12-15,12.65999984741211,12.5,12.510000228881836,12.579999923706055,48655500.0,11.005637168884277
2017-12-18,12.75,12.609999656677246,12.65999984741211,12.65999984741211,25022700.0,11.075624465942383
2017-12-19,12.779999732971191,12.65999984741211,12.710000038146973,12.6899995803833,23056900.0,11.101869583129883
2017-12-20,12.75,12.649999618530273,12.720000267028809,12.720000267028809,18989400.0,11.1281156539917
2017-12-21,12.770000457763672,12.630000114440918,12.739999771118164,12.630000114440918,21004700.0,11.049379348754883
2017-12-22,12.65999984741211,12.5600004196167,12.65999984741211,12.579999923706055,17876200.0,11.005637168884277
2017-12-26,12.649999618530273,12.550000190734863,12.569999694824219,12.600000381469727,11664600.0,11.023134231567383
2017-12-27,12.579999923706055,12.449999809265137,12.569999694824219,12.5,17005600.0,10.935648918151855
2017-12-28,12.579999923706055,12.470000267028809,12.479999542236328,12.579999923706055,14793500.0,11.005637168884277
2017-12-29,12.609999656677246,12.489999771118164,12.579999923706055,12.489999771118164,18362500.0,10.926899909973145
2018-01-02,12.65999984741211,12.5,12.520000457763672,12.65999984741211,20773300.0,11.075624465942383
2018-01-03,12.800000190734863,12.670000076293945,12.680000305175781,12.760000228881836,29765600.0,11.16311264038086
2018-01-04,13.039999961853027,12.770000457763672,12.779999732971191,12.979999542236328,37478200.0,11.35557746887207
2018-01-05,13.220000267028809,13.039999961853027,13.0600004196167,13.199999809265137,46121900.0,11.54804515838623
2018-01-08,13.220000267028809,13.109999656677246,13.210000038146973,13.149999618530273,33828300.0,11.504302024841309
2018-01-09,13.220000267028809,13.079999923706055,13.180000305175781,13.079999923706055,27924100.0,11.443063735961914
2018-01-10,13.140000343322754,12.960000038146973,13.0600004196167,13.029999732971191,56517100.0,11.399319648742676
2018-01-11,13.199999809265137,13.0,13.020000457763672,13.15999984741211,28342300.0,11.51305103302002
2018-01-12,13.289999961853027,13.100000381469727,13.100000381469727,13.229999542236328,56979200.0,11.57429027557373
2018-01-16,13.479999542236328,13.010000228881836,13.3100004196167,13.100000381469727,53961400.0,11.46056079864502
2018-01-17,12.579999923706055,12.100000381469727,12.579999923706055,12.180000305175781,132412500.0,10.655696868896484
2018-01-18,12.199999809265137,12.020000457763672,12.180000305175781,12.069999694824219,66541700.0,10.559463500976562
2018-01-19,12.119999885559082,11.90999984741211,12.119999885559082,12.0,51303700.0,10.498224258422852
2018-01-22,12.079999923706055,11.899999618530273,12.020000457763672,12.020000457763672,52851900.0,10.51572036743164
2018-01-23,12.029999732971191,11.899999618530273,12.029999732971191,11.960000038146973,51831000.0,10.463229179382324
2018-01-24,12.09000015258789,11.920000076293945,12.0,12.050000190734863,63300500.0,10.541966438293457
2018-01-25,11.930000305175781,11.4399995803833,11.930000305175781,11.569999694824219,114886800.0,10.122036933898926
2018-01-26,11.699999809265137,11.5,11.59000015258789,11.649999618530273,52496000.0,10.192024230957031
2018-01-29,11.470000267028809,11.109999656677246,11.420000076293945,11.119999885559082,55114000.0,9.967925071716309
2018-01-30,11.229999542236328,11.050000190734863,11.09000015258789,11.0600004196167,52068200.0,9.914142608642578
2018-01-31,11.119999885559082,10.899999618530273,11.09000015258789,10.970000267028809,57644600.0,9.833466529846191
2018-02-01,11.0,10.850000381469727,10.949999809265137,10.920000076293945,41352200.0,9.78864574432373
2018-02-02,10.880000114440918,10.619999885559082,10.880000114440918,10.710000038146973,72312900.0,9.600403785705566
2018-02-05,10.800000190734863,10.239999771118164,10.779999732971191,10.239999771118164,96757000.0,9.179096221923828
2018-02-06,10.789999961853027,10.1899995803833,10.270000457763672,10.760000228881836,139938100.0,9.645222663879395
2018-02-07,11.039999961853027,10.699999809265137,10.75,10.760000228881836,68041800.0,9.645222663879395
2018-02-08,10.859999656677246,10.420000076293945,10.789999961853027,10.430000305175781,73990700.0,9.34941291809082
2018-02-09,10.640000343322754,10.239999771118164,10.569999694824219,10.529999732971191,72103600.0,9.43905258178711
2018-02-12,10.819999694824219,10.539999961853027,10.670000076293945,10.699999809265137,49068900.0,9.591439247131348
2018-02-13,10.6899995803833,10.529999732971191,10.630000114440918,10.59000015258789,36884500.0,9.49283504486084
2018-02-14,10.75,10.5,10.550000190734863,10.739999771118164,27844300.0,9.627294540405273
2018-02-15,10.800000190734863,10.640000343322754,10.800000190734863,10.760000228881836,28208300.0,9.645222663879395
2018-02-16,10.819999694824219,10.520000457763672,10.699999809265137,10.609999656677246,41041800.0,9.510763168334961
2018-02-20,10.670000076293945,10.550000190734863,10.579999923706055,10.630000114440918,27617900.0,9.528692245483398
2018-02-21,10.75,10.59000015258789,10.649999618530273,10.600000381469727,36037700.0,9.501800537109375
2018-02-22,10.729999542236328,10.5600004196167,10.600000381469727,10.630000114440918,25409600.0,9.528692245483398
2018-02-23,10.710000038146973,10.619999885559082,10.670000076293945,10.699999809265137,21786800.0,9.591439247131348
2018-02-26,10.949999809265137,10.699999809265137,10.739999771118164,10.890000343322754,27157800.0,9.761754989624023
2018-02-27,10.989999771118164,10.600000381469727,10.930000305175781,10.609999656677246,43502000.0,9.510763168334961
2018-02-28,10.789999961853027,10.569999694824219,10.680000305175781,10.609999656677246,41321400.0,9.510763168334961
2018-03-01,10.6899995803833,10.199999809265137,10.649999618530273,10.289999961853027,75841400.0,9.223917961120605
2018-03-02,10.420000076293945,10.140000343322754,10.239999771118164,10.399999618530273,60491900.0,9.322519302368164
2018-03-05,10.630000114440918,10.300000190734863,10.3100004196167,10.579999923706055,44021300.0,9.483871459960938
2018-03-06,10.680000305175781,10.470000267028809,10.649999618530273,10.630000114440918,30978900.0,9.528692245483398
2018-03-07,10.640000343322754,10.430000305175781,10.510000228881836,10.630000114440918,30046600.0,9.528692245483398
2018-03-08,10.680000305175781,10.479999542236328,10.649999618530273,10.609999656677246,26948000.0,9.510763168334961
2018-03-09,10.729999542236328,10.569999694824219,10.630000114440918,10.729999542236328,26684400.0,9.618330001831055
2018-03-12,10.850000381469727,10.680000305175781,10.6899995803833,10.8100004196167,33800900.0,9.690043449401855
2018-03-13,10.979999542236328,10.729999542236328,10.84000015258789,10.779999732971191,44456800.0,9.663150787353516
2018-03-14,11.4399995803833,11.010000228881836,11.25,11.020000457763672,91985300.0,9.878286361694336
2018-03-15,11.25,10.949999809265137,11.050000190734863,11.069999694824219,47645300.0,9.92310619354248
2018-03-16,11.220000267028809,11.0600004196167,11.119999885559082,11.149999618530273,80684200.0,9.994817733764648
2018-03-19,11.170000076293945,10.869999885559082,11.149999618530273,11.010000228881836,63122500.0,9.86932373046875
2018-03-20,11.130000114440918,10.970000267028809,11.050000190734863,10.989999771118164,45612800.0,9.85139274597168
2018-03-21,11.1899995803833,10.930000305175781,11.0,11.100000381469727,38551000.0,9.949996948242188
2018-03-22,11.0600004196167,10.729999542236328,11.0,10.75,51280900.0,9.636259078979492
2018-03-23,10.8100004196167,10.510000228881836,10.789999961853027,10.5600004196167,39950900.0,9.465944290161133
2018-03-26,10.869999885559082,10.680000305175781,10.739999771118164,10.829999923706055,52325500.0,9.707971572875977
2018-03-27,10.920000076293945,10.720000267028809,10.850000381469727,10.829999923706055,40677300.0,9.707971572875977
2018-03-28,10.949999809265137,10.729999542236328,10.829999923706055,10.859999656677246,42263700.0,9.734862327575684
2018-03-29,11.130000114440918,10.920000076293945,10.930000305175781,11.079999923706055,39864000.0,9.932068824768066
2018-04-02,11.09000015258789,10.699999809265137,11.0600004196167,10.859999656677246,43598100.0,9.734862327575684
2018-04-03,11.180000305175781,10.899999618530273,11.010000228881836,11.149999618530273,42523900.0,9.994817733764648
2018-04-04,11.359999656677246,10.800000190734863,10.869999885559082,11.329999923706055,44834600.0,10.156168937683105
2018-04-05,11.380000114440918,11.229999542236328,11.34000015258789,11.350000381469727,28755600.0,10.174098014831543
2018-04-06,11.350000381469727,11.069999694824219,11.279999732971191,11.180000305175781,31920700.0,10.021710395812988
2018-04-09,11.380000114440918,11.199999809265137,11.25,11.25,36462700.0,10.084456443786621
2018-04-10,11.550000190734863,11.40999984741211,11.4399995803833,11.449999809265137,43144300.0,10.2637357711792
2018-04-11,11.489999771118164,11.300000190734863,11.380000114440918,11.430000305175781,32979000.0,10.245808601379395
2018-04-12,11.539999961853027,11.25,11.5,11.3100004196167,47133700.0,10.1382417678833
2018-04-13,11.390000343322754,11.229999542236328,11.350000381469727,11.279999732971191,34598800.0,10.111348152160645
2018-04-16,11.449999809265137,11.270000457763672,11.359999656677246,11.380000114440918,32803300.0,10.20098876953125
2018-04-17,11.449999809265137,11.300000190734863,11.430000305175781,11.380000114440918,30906800.0,10.20098876953125
2018-04-18,11.479999542236328,11.300000190734863,11.380000114440918,11.329999923706055,46226100.0,10.156168937683105
2018-04-19,11.25,10.850000381469727,11.180000305175781,10.960000038146973,49154200.0,9.956315994262695
2018-04-20,11.029999732971191,10.779999732971191,11.010000228881836,10.819999694824219,44930000.0,9.829136848449707
2018-04-23,11.039999961853027,10.829999923706055,10.84000015258789,11.039999961853027,31936500.0,10.028989791870117
2018-04-24,11.170000076293945,10.930000305175781,11.050000190734863,10.960000038146973,39625000.0,9.956315994262695
2018-04-25,11.15999984741211,10.869999885559082,10.960000038146973,11.109999656677246,40356100.0,10.092578887939453
2018-04-26,11.529999732971191,11.289999961853027,11.420000076293945,11.430000305175781,80676800.0,10.38327407836914
2018-04-27,11.5600004196167,11.380000114440918,11.399999618530273,11.489999771118164,33375900.0,10.437779426574707
2018-04-30,11.729999542236328,11.220000267028809,11.529999732971191,11.239999771118164,66090900.0,10.210674285888672
2018-05-01,11.350000381469727,11.100000381469727,11.25,11.260000228881836,61430400.0,10.228843688964844
2018-05-02,11.270000457763672,11.119999885559082,11.260000228881836,11.210000038146973,41899500.0,10.18342113494873
2018-05-03,11.210000038146973,10.970000267028809,11.170000076293945,11.199999809265137,38907400.0,10.174339294433594
2018-05-04,11.40999984741211,11.09000015258789,11.15999984741211,11.359999656677246,32043500.0,10.319684028625488
2018-05-07,11.4399995803833,11.3100004196167,11.359999656677246,11.34000015258789,27510300.0,10.30151653289795
2018-05-08,11.369999885559082,11.239999771118164,11.319999694824219,11.270000457763672,25754100.0,10.23792839050293
2018-05-09,11.279999732971191,11.020000457763672,11.210000038146973,11.0600004196167,43732000.0,10.047158241271973
2018-05-10,11.25,11.020000457763672,11.039999961853027,11.210000038146973,32023800.0,10.18342113494873
2018-05-11,11.25,11.15999984741211,11.220000267028809,11.1899995803833,19837700.0,10.165252685546875
2018-05-14,11.289999961853027,11.170000076293945,11.229999542236328,11.180000305175781,27903100.0,10.156169891357422
2018-05-15,11.25,11.0600004196167,11.100000381469727,11.220000267028809,26950100.0,10.192506790161133
2018-05-16,11.399999618530273,11.199999809265137,11.210000038146973,11.399999618530273,28976700.0,10.356021881103516
2018-05-17,11.479999542236328,11.380000114440918,11.399999618530273,11.460000038146973,20741100.0,10.410527229309082
2018-05-18,11.470000267028809,11.300000190734863,11.4399995803833,11.329999923706055,23893700.0,10.292431831359863
2018-05-21,11.550000190734863,11.390000343322754,11.420000076293945,11.510000228881836,31011900.0,10.455947875976562
2018-05-22,11.640000343322754,11.510000228881836,11.579999923706055,11.520000457763672,22360900.0,10.465033531188965
2018-05-23,11.550000190734863,11.329999923706055,11.5,11.4399995803833,23595000.0,10.39235782623291
2018-05-24,11.649999618530273,11.4399995803833,11.449999809265137,11.619999885559082,34876300.0,10.555874824523926
2018-05-25,11.609999656677246,11.470000267028809,11.5600004196167,11.510000228881836,19337500.0,10.455947875976562
2018-05-29,11.619999885559082,11.359999656677246,11.600000381469727,11.4399995803833,31324300.0,10.39235782623291
2018-05-30,11.609999656677246,11.470000267028809,11.529999732971191,11.550000190734863,25554600.0,10.49228572845459
2018-05-31,11.739999771118164,11.359999656677246,11.649999618530273,11.550000190734863,61563200.0,10.49228572845459
2018-06-01,11.770000457763672,11.609999656677246,11.670000076293945,11.710000038146973,35406200.0,10.637633323669434
2018-06-04,11.789999961853027,11.6899995803833,11.739999771118164,11.739999771118164,25141300.0,10.664885520935059
2018-06-05,11.869999885559082,11.680000305175781,11.739999771118164,11.829999923706055,31036700.0,10.746644020080566
2018-06-06,12.0,11.819999694824219,11.869999885559082,11.970000267028809,31110500.0,10.873824119567871
2018-06-07,12.149999618530273,11.960000038146973,11.970000267028809,12.029999732971191,47314100.0,10.928327560424805
2018-06-08,12.119999885559082,12.0,12.039999961853027,12.100000381469727,28371900.0,10.991918563842773
2018-06-11,12.149999618530273,12.020000457763672,12.100000381469727,12.029999732971191,30398100.0,10.928327560424805
2018-06-12,12.149999618530273,12.029999732971191,12.069999694824219,12.109999656677246,51395400.0,11.001002311706543
2018-06-13,12.100000381469727,11.960000038146973,12.100000381469727,12.020000457763672,28406700.0,10.919245719909668
2018-06-14,12.010000228881836,11.84000015258789,12.0,11.890000343322754,34523000.0,10.80115032196045
2018-06-15,12.029999732971191,11.800000190734863,11.84000015258789,11.880000114440918,56326800.0,10.792064666748047
2018-06-18,12.039999961853027,11.8100004196167,11.819999694824219,11.989999771118164,32706500.0,10.891992568969727
2018-06-19,11.890000343322754,11.670000076293945,11.819999694824219,11.890000343322754,40064800.0,10.80115032196045
2018-06-20,12.050000190734863,11.829999923706055,11.970000267028809,11.869999885559082,31964800.0,10.782980918884277
2018-06-21,11.829999923706055,11.640000343322754,11.800000190734863,11.710000038146973,33316700.0,10.637633323669434
2018-06-22,11.869999885559082,11.619999885559082,11.75,11.649999618530273,36703500.0,10.58312702178955
2018-06-25,11.670000076293945,11.380000114440918,11.630000114440918,11.5,36101900.0,10.44686508178711
2018-06-26,11.630000114440918,11.489999771118164,11.5600004196167,11.520000457763672,36627700.0,10.465033531188965
2018-06-27,11.640000343322754,11.399999618530273,11.539999961853027,11.420000076293945,27242000.0,10.374191284179688
2018-06-28,11.399999618530273,11.149999618530273,11.369999885559082,11.279999732971191,43836400.0,10.247011184692383
2018-06-29,11.369999885559082,11.029999732971191,11.319999694824219,11.069999694824219,44718500.0,10.056242942810059
2018-07-02,11.109999656677246,10.90999984741211,11.020000457763672,11.100000381469727,37892800.0,10.083495140075684
2018-07-03,11.149999618530273,10.9399995803833,11.100000381469727,10.989999771118164,16544800.0,9.983567237854004
2018-07-05,11.140000343322754,11.020000457763672,11.100000381469727,11.050000190734863,32008500.0,10.038074493408203
2018-07-06,11.100000381469727,10.920000076293945,11.039999961853027,11.0600004196167,25646700.0,10.047158241271973
2018-07-09,11.260000228881836,11.029999732971191,11.100000381469727,11.199999809265137,23916800.0,10.174339294433594
2018-07-10,11.260000228881836,11.170000076293945,11.199999809265137,11.25,21231500.0,10.219758987426758
2018-07-11,11.170000076293945,11.050000190734863,11.149999618530273,11.069999694824219,30030100.0,10.056242942810059
2018-07-12,11.140000343322754,11.0,11.100000381469727,11.050000190734863,27025200.0,10.038074493408203
2018-07-13,11.050000190734863,10.90999984741211,11.020000457763672,10.979999542236328,36561500.0,9.97448444366455
2018-07-16,10.970000267028809,10.760000228881836,10.949999809265137,10.850000381469727,46156800.0,9.856389999389648
2018-07-17,10.899999618530273,10.800000190734863,10.800000190734863,10.859999656677246,37584300.0,9.865472793579102
2018-07-18,10.899999618530273,10.8100004196167,10.850000381469727,10.869999885559082,36420000.0,9.874556541442871
2018-07-19,10.899999618530273,10.770000457763672,10.890000343322754,10.819999694824219,40308800.0,9.829136848449707
2018-07-20,10.720000267028809,10.510000228881836,10.680000305175781,10.5600004196167,41531200.0,9.72780704498291
2018-07-23,10.569999694824219,10.420000076293945,10.5600004196167,10.470000267028809,34942000.0,9.6448974609375
2018-07-24,10.739999771118164,10.5,10.510000228881836,10.569999694824219,47303000.0,9.737015724182129
2018-07-25,10.569999694824219,10.119999885559082,10.319999694824219,10.520000457763672,92497700.0,9.690958023071289
2018-07-26,10.15999984741211,9.84000015258789,10.140000343322754,9.890000343322754,103893000.0,9.110607147216797
2018-07-27,10.050000190734863,9.90999984741211,9.960000038146973,9.930000305175781,46171100.0,9.147454261779785
2018-07-30,10.100000381469727,9.930000305175781,9.960000038146973,10.069999694824219,35877000.0,9.276421546936035
2018-07-31,10.109999656677246,10.0,10.109999656677246,10.039999961853027,38026900.0,9.248784065246582
2018-08-01,10.079999923706055,9.819999694824219,10.0600004196167,9.899999618530273,44126700.0,9.119816780090332
2018-08-02,9.979999542236328,9.84000015258789,9.899999618530273,9.920000076293945,40318900.0,9.1382417678833
2018-08-03,10.0600004196167,9.930000305175781,9.930000305175781,10.039999961853027,25925100.0,9.248784065246582
2018-08-06,10.050000190734863,9.970000267028809,10.0,10.029999732971191,22247900.0,9.239572525024414
2018-08-07,10.100000381469727,10.020000457763672,10.039999961853027,10.079999923706055,27961200.0,9.285632133483887
2018-08-08,10.100000381469727,10.039999961853027,10.050000190734863,10.050000190734863,22600900.0,9.257996559143066
2018-08-09,10.069999694824219,9.899999618530273,10.0600004196167,9.90999984741211,35682600.0,9.129029273986816
2018-08-10,9.90999984741211,9.720000267028809,9.90999984741211,9.739999771118164,39180500.0,8.972426414489746
2018-08-13,9.75,9.420000076293945,9.739999771118164,9.460000038146973,66586200.0,8.714491844177246
2018-08-14,9.619999885559082,9.449999809265137,9.510000228881836,9.5,37657400.0,8.751340866088867
2018-08-15,9.5,9.350000381469727,9.460000038146973,9.449999809265137,36298600.0,8.705279350280762
2018-08-16,9.600000381469727,9.489999771118164,9.5,9.510000228881836,28857700.0,8.760552406311035
2018-08-17,9.600000381469727,9.460000038146973,9.529999732971191,9.550000190734863,32742900.0,8.79740047454834
2018-08-20,9.739999771118164,9.5600004196167,9.5600004196167,9.720000267028809,25252500.0,8.954002380371094
2018-08-21,9.899999618530273,9.6899995803833,9.770000457763672,9.859999656677246,46413900.0,9.082969665527344
2018-08-22,9.819999694824219,9.680000305175781,9.789999961853027,9.6899995803833,30803700.0,8.926365852355957
2018-08-23,9.6899995803833,9.579999923706055,9.670000076293945,9.630000114440918,31511800.0,8.871095657348633
2018-08-24,9.699999809265137,9.609999656677246,9.649999618530273,9.680000305175781,18380000.0,8.917155265808105
2018-08-27,10.039999961853027,9.729999542236328,9.75,9.989999771118164,49769300.0,9.202725410461426
2018-08-28,10.09000015258789,9.949999809265137,10.079999923706055,10.010000228881836,33845500.0,9.221147537231445
2018-08-29,10.020000457763672,9.899999618530273,10.010000228881836,9.970000267028809,37336400.0,9.184300422668457
2018-08-30,9.90999984741211,9.670000076293945,9.869999885559082,9.699999809265137,48539300.0,8.935578346252441
2018-08-31,9.680000305175781,9.399999618530273,9.640000343322754,9.479999542236328,76424900.0,8.732915878295898
2018-09-04,9.579999923706055,9.359999656677246,9.529999732971191,9.470000267028809,54111100.0,8.723705291748047
2018-09-05,9.550000190734863,9.319999694824219,9.470000267028809,9.489999771118164,44561900.0,8.742127418518066
2018-09-06,9.550000190734863,9.399999618530273,9.479999542236328,9.430000305175781,29519100.0,8.686858177185059
2018-09-07,9.489999771118164,9.25,9.40999984741211,9.270000457763672,51229900.0,8.53946590423584
2018-09-10,9.489999771118164,9.300000190734863,9.3100004196167,9.380000114440918,30421700.0,8.640796661376953
2018-09-11,9.359999656677246,9.220000267028809,9.350000381469727,9.3100004196167,27158400.0,8.576313972473145
2018-09-12,9.420000076293945,9.279999732971191,9.3100004196167,9.34000015258789,25450000.0,8.603949546813965
2018-09-13,9.40999984741211,9.3100004196167,9.380000114440918,9.369999885559082,29315700.0,8.631584167480469
2018-09-14,9.479999542236328,9.359999656677246,9.380000114440918,9.449999809265137,30013300.0,8.705279350280762
2018-09-17,9.600000381469727,9.430000305175781,9.4399995803833,9.550000190734863,29544400.0,8.79740047454834
2018-09-18,9.609999656677246,9.479999542236328,9.539999961853027,9.579999923706055,57055400.0,8.825035095214844
2018-09-19,9.829999923706055,9.609999656677246,9.609999656677246,9.779999732971191,40111500.0,9.00927448272705
2018-09-20,9.930000305175781,9.710000038146973,9.829999923706055,9.8100004196167,46314400.0,9.036910057067871
2018-09-21,9.9399995803833,9.779999732971191,9.84000015258789,9.850000381469727,74488600.0,9.073758125305176
2018-09-24,9.850000381469727,9.520000457763672,9.779999732971191,9.59000015258789,43170800.0,8.834247589111328
2018-09-25,9.5600004196167,9.369999885559082,9.529999732971191,9.390000343322754,44406100.0,8.650009155273438
2018-09-26,9.40999984741211,9.270000457763672,9.380000114440918,9.270000457763672,58597500.0,8.53946590423584
2018-09-27,9.329999923706055,9.199999809265137,9.300000190734863,9.229999542236328,57272200.0,8.502616882324219
2018-09-28,9.279999732971191,9.09000015258789,9.220000267028809,9.25,30987200.0,8.521041870117188
2018-10-01,9.4399995803833,9.300000190734863,9.430000305175781,9.319999694824219,44864700.0,8.585525512695312
2018-10-02,9.34000015258789,9.180000305175781,9.270000457763672,9.199999809265137,41806400.0,8.474982261657715
2018-10-03,9.3100004196167,9.130000114440918,9.270000457763672,9.130000114440918,47023100.0,8.41049861907959
2018-10-04,9.220000267028809,9.09000015258789,9.130000114440918,9.149999618530273,38889600.0,8.428922653198242
2018-10-05,9.220000267028809,9.100000381469727,9.149999618530273,9.119999885559082,36952200.0,8.401285171508789
2018-10-08,9.279999732971191,9.09000015258789,9.100000381469727,9.260000228881836,43657700.0,8.530253410339355
2018-10-09,9.3100004196167,8.949999809265137,9.229999542236328,8.949999809265137,58356900.0,8.244683265686035
2018-10-10,8.979999542236328,8.8100004196167,8.949999809265137,8.819999694824219,54104100.0,8.124927520751953
2018-10-11,8.989999771118164,8.760000228881836,8.819999694824219,8.8100004196167,66170800.0,8.115716934204102
2018-10-12,8.949999809265137,8.550000190734863,8.949999809265137,8.640000343322754,59308500.0,7.959114074707031
2018-10-15,8.850000381469727,8.65999984741211,8.670000076293945,8.8100004196167,40183200.0,8.115716934204102
2018-10-16,8.890000343322754,8.729999542236328,8.869999885559082,8.800000190734863,36772000.0,8.1065034866333
2018-10-17,8.859999656677246,8.640000343322754,8.800000190734863,8.760000228881836,48795100.0,8.069658279418945
2018-10-18,8.760000228881836,8.5,8.739999771118164,8.510000228881836,59669200.0,7.839359283447266
2018-10-19,8.529999732971191,8.1899995803833,8.319999694824219,8.5,59831100.0,7.830146312713623
2018-10-22,8.449999809265137,8.270000457763672,8.380000114440918,8.40999984741211,39803500.0,7.886410713195801
2018-10-23,8.640000343322754,8.229999542236328,8.300000190734863,8.59000015258789,55443300.0,8.055205345153809
2018-10-24,8.600000381469727,8.170000076293945,8.5,8.180000305175781,58895100.0,7.670730113983154
2018-10-25,9.0,8.460000038146973,8.520000457763672,8.989999771118164,90399200.0,8.430301666259766
2018-10-26,9.0600004196167,8.859999656677246,8.960000038146973,8.979999542236328,100639800.0,8.420924186706543
2018-10-29,9.59000015258789,9.170000076293945,9.359999656677246,9.279999732971191,92275100.0,8.70224666595459
2018-10-30,9.5600004196167,9.270000457763672,9.3100004196167,9.460000038146973,58062000.0,8.871040344238281
2018-10-31,9.670000076293945,9.430000305175781,9.619999885559082,9.550000190734863,68507100.0,8.955437660217285
2018-11-01,9.550000190734863,9.260000228881836,9.539999961853027,9.289999961853027,59794400.0,8.711624145507812
2018-11-02,9.449999809265137,9.260000228881836,9.359999656677246,9.380000114440918,48499200.0,8.796021461486816
2018-11-05,9.569999694824219,9.350000381469727,9.380000114440918,9.529999732971191,41274300.0,8.936681747436523
2018-11-06,9.569999694824219,9.40999984741211,9.460000038146973,9.539999961853027,40928600.0,8.946061134338379
2018-11-07,9.600000381469727,9.449999809265137,9.600000381469727,9.600000381469727,37347400.0,9.002325057983398
2018-11-08,9.649999618530273,9.4399995803833,9.579999923706055,9.460000038146973,55810100.0,8.871040344238281
2018-11-09,9.800000190734863,9.270000457763672,9.380000114440918,9.380000114440918,52203600.0,8.796021461486816
2018-11-12,9.579999923706055,9.369999885559082,9.380000114440918,9.489999771118164,36317200.0,8.899171829223633
2018-11-13,9.670000076293945,9.470000267028809,9.529999732971191,9.539999961853027,33098000.0,8.946061134338379
2018-11-14,9.670000076293945,9.430000305175781,9.630000114440918,9.539999961853027,46677600.0,8.946061134338379
2018-11-15,9.529999732971191,9.119999885559082,9.5,9.3100004196167,57170100.0,8.730380058288574
2018-11-16,9.3100004196167,8.979999542236328,9.279999732971191,9.050000190734863,54582500.0,8.486566543579102
2018-11-19,9.359999656677246,8.960000038146973,9.020000457763672,9.25,56292500.0,8.674114227294922
2018-11-20,9.220000267028809,9.010000228881836,9.100000381469727,9.0600004196167,35159900.0,8.495944023132324
2018-11-21,9.199999809265137,8.979999542236328,9.050000190734863,9.109999656677246,25882700.0,8.542831420898438
2018-11-23,9.220000267028809,9.029999732971191,9.069999694824219,9.130000114440918,13520800.0,8.561585426330566
2018-11-26,9.529999732971191,9.170000076293945,9.229999542236328,9.399999618530273,46304400.0,8.814774513244629
2018-11-27,9.430000305175781,9.25,9.369999885559082,9.279999732971191,34283200.0,8.70224666595459
2018-11-28,9.4399995803833,9.170000076293945,9.270000457763672,9.40999984741211,33199500.0,8.824153900146484
2018-11-29,9.4399995803833,9.260000228881836,9.369999885559082,9.369999885559082,29207600.0,8.786643981933594
2018-11-30,9.479999542236328,9.359999656677246,9.369999885559082,9.40999984741211,36269500.0,8.824153900146484
2018-12-03,9.850000381469727,9.600000381469727,9.710000038146973,9.600000381469727,64668600.0,9.002325057983398
2018-12-04,9.600000381469727,9.180000305175781,9.550000190734863,9.180000305175781,57930300.0,8.60847282409668
2018-12-06,9.119999885559082,8.920000076293945,9.119999885559082,9.020000457763672,53963600.0,8.458434104919434
2018-12-07,9.130000114440918,8.800000190734863,9.020000457763672,8.819999694824219,43534800.0,8.270885467529297
2018-12-10,8.850000381469727,8.380000114440918,8.829999923706055,8.520000457763672,56499700.0,7.989562511444092
2018-12-11,8.800000190734863,8.5,8.720000267028809,8.539999961853027,42294500.0,8.008316993713379
2018-12-12,8.729999542236328,8.59000015258789,8.640000343322754,8.640000343322754,40602700.0,8.102091789245605
2018-12-13,8.699999809265137,8.460000038146973,8.670000076293945,8.5,34200400.0,7.9708075523376465
2018-12-14,8.680000305175781,8.460000038146973,8.520000457763672,8.520000457763672,35613300.0,7.989562511444092
2018-12-17,8.720000267028809,8.40999984741211,8.479999542236328,8.5,44469900.0,7.9708075523376465
2018-12-18,8.680000305175781,8.40999984741211,8.550000190734863,8.470000267028809,38263000.0,7.942675590515137
2018-12-19,8.649999618530273,8.270000457763672,8.460000038146973,8.319999694824219,75272900.0,7.802013397216797
2018-12-20,8.420000076293945,8.180000305175781,8.329999923706055,8.260000228881836,58926200.0,7.7457499504089355
2018-12-21,8.399999618530273,8.039999961853027,8.220000267028809,8.050000190734863,57542300.0,7.548823833465576
2018-12-24,8.010000228881836,7.610000133514404,8.010000228881836,7.630000114440918,38709500.0,7.154972553253174
2018-12-26,7.860000133514404,7.409999847412109,7.730000019073486,7.849999904632568,58810000.0,7.361275672912598
2018-12-27,7.849999904632568,7.53000020980835,7.820000171661377,7.849999904632568,49813000.0,7.361275672912598
2018-12-28,8.039999961853027,7.760000228881836,7.829999923706055,7.809999942779541,47331700.0,7.323765754699707
2018-12-31,7.860000133514404,7.5,7.849999904632568,7.650000095367432,57816000.0,7.173727512359619
2019-01-02,8.020000457763672,7.480000019073486,7.53000020980835,7.900000095367432,47494400.0,7.408162593841553
2019-01-03,7.989999771118164,7.78000020980835,7.96999979019165,7.78000020980835,39172400.0,7.295633792877197
2019-01-04,8.119999885559082,7.849999904632568,7.909999847412109,8.079999923706055,43039800.0,7.576955795288086
2019-01-07,8.369999885559082,8.029999732971191,8.109999656677246,8.289999961853027,40729400.0,7.773881912231445
2019-01-08,8.539999961853027,8.350000381469727,8.420000076293945,8.369999885559082,45644000.0,7.848901271820068
2019-01-09,8.770000457763672,8.359999656677246,8.449999809265137,8.720000267028809,48404900.0,8.177112579345703
2019-01-10,8.770000457763672,8.449999809265137,8.710000038146973,8.670000076293945,39490400.0,8.130224227905273
2019-01-11,8.930000305175781,8.699999809265137,8.770000457763672,8.819999694824219,41559900.0,8.270885467529297
2019-01-14,9.0600004196167,8.760000228881836,8.800000190734863,8.989999771118164,44833800.0,8.430301666259766
2019-01-15,9.029999732971191,8.75,9.020000457763672,8.84000015258789,65311700.0,8.289640426635742
2019-01-16,8.770000457763672,8.260000228881836,8.680000305175781,8.289999961853027,73869900.0,7.773881912231445
2019-01-17,8.4399995803833,8.210000038146973,8.270000457763672,8.359999656677246,56722600.0,7.8395233154296875
2019-01-18,8.600000381469727,8.329999923706055,8.390000343322754,8.579999923706055,51127900.0,8.04582691192627
2019-01-22,8.609999656677246,8.460000038146973,8.539999961853027,8.5,47182600.0,7.9708075523376465
2019-01-23,8.539999961853027,8.279999732971191,8.539999961853027,8.34000015258789,45196900.0,7.820769309997559
2019-01-24,8.680000305175781,8.220000267028809,8.319999694824219,8.600000381469727,79516400.0,8.064582824707031
2019-01-25,8.960000038146973,8.729999542236328,8.739999771118164,8.859999656677246,53098800.0,8.308394432067871
2019-01-28,8.800000190734863,8.579999923706055,8.800000190734863,8.65999984741211,42116300.0,8.120845794677734
2019-01-29,8.789999961853027,8.619999885559082,8.710000038146973,8.760000228881836,30485000.0,8.214620590209961
2019-01-30,8.720000267028809,8.520000457763672,8.65999984741211,8.710000038146973,29906100.0,8.310028076171875
